model,mean_tail_duration,std_tail_duration,mean_ns_peak,mean_ns_half_life,mean_ns_auc_above_baseline,std_ns_auc_above_baseline,mean_arousal_integral,mean_turn_rate_tail,mean_forward_rate_tail,n
Recon,5.0,0.0,1.0,0.0,0.0,0.0,0.0,0.0,1.0,20
Ipsundrum,5.05,0.22360679774997894,1.0,0.0,0.24438297658234537,0.0013133800832961886,0.0,0.027500000000000004,0.9724999999999999,20
Ipsundrum+affect,29.85,18.675272139213508,1.0,0.0,0.15437392709006198,0.056645808556465976,10.13142836667998,0.7025,0.2975,20
Perspective,17.05,18.61656025664982,0.6150854019194275,0.0,0.008600239943061666,0.0010062306700643398,6.679737600055551,0.3275,0.6725,20
Perspective+plastic,17.25,18.792145615711508,0.6150854019194275,0.0,0.0705075327365583,0.014575824716602835,6.7249483189869705,0.3275,0.6725,20
GW-lite,16.45,18.832991768366714,0.5317127231169798,5.25,0.12254706322895972,0.05713112207565827,6.407414799630077,0.2975,0.7025,20
